5 - Matrículas;;;;;;;;;;;;;;;;;
5.1 - Matrículas em Cursos de Graduação Presenciais, por Organização Acadêmica e Localização (Capital e Interior),;;;;;;;;;;;;;;;;;
segundo a Unidade da Federação e a Categoria Administrativa das IES - 2009;;;;;;;;;;;;;;;;;
;;;;;;;;;;;;;;;;;
Unidade da Federação/ Categoria Administrativa;;;Matrículas em Cursos de Graduação Presenciais;;;;;;;;;;;;;;
;;; Total Geral ;;; Universidades ;;; Centros Universitários ;;; Faculdades ;;; IF e CEFET  ;;
;;;Total; Capital ; Interior ;Total; Capital ; Interior ;Total; Capital ; Interior ;Total; Capital ; Interior ;Total; Capital ; Interior 
;;;;;;;;;;;;;;;;;
Brasil;;;5.115.896;2.433.016;2.682.880;2.715.720;1.341.392;1.374.328;711.328;366.628;344.700;1.634.115;692.963;941.152;54.733;32.033;22.700
;Pública;;1.351.168;586.151;765.017;1.190.596;540.753;649.843;13.849;869;12.980;91.990;12.496;79.494;54.733;32.033;22.700
;;Federal;752.847;453.023;299.824;696.693;420.161;276.532;. ;. ;. ;1.421;829;592;54.733;32.033;22.700
;;Estadual;480.145;133.128;347.017;437.044;120.592;316.452;869;869;. ;42.232;11.667;30.565;. ;. ;. 
;;Municipal;118.176;. ;118.176;56.859;. ;56.859;12.980;. ;12.980;48.337;. ;48.337;. ;. ;. 
;Privada;;3.764.728;1.846.865;1.917.863;1.525.124;800.639;724.485;697.479;365.759;331.720;1.542.125;680.467;861.658;. ;. ;. 
;;Particular;2.899.763;1.534.602;1.365.161;958.000;570.096;387.904;515.428;321.445;193.983;1.426.335;643.061;783.274;. ;. ;. 
;;Comun/Confes;864.965;312.263;552.702;567.124;230.543;336.581;182.051;44.314;137.737;115.790;37.406;78.384;. ;. ;. 
;;;;;;;;;;;;;;;;;
Norte;;;313.959;221.312;92.647;134.135;85.964;48.171;59.669;49.240;10.429;115.719;82.788;32.931;4.436;3.320;1.116
;Pública;;128.689;76.894;51.795;118.755;73.574;45.181;5.498;. ;5.498;. ;. ;. ;4.436;3.320;1.116
;;Federal;91.263;61.322;29.941;86.827;58.002;28.825;. ;. ;. ;. ;. ;. ;4.436;3.320;1.116
;;Estadual;31.928;15.572;16.356;31.928;15.572;16.356;. ;. ;. ;. ;. ;. ;. ;. ;. 
;;Municipal;5.498;. ;5.498;. ;. ;. ;5.498;. ;5.498;. ;. ;. ;. ;. ;. 
;Privada;;185.270;144.418;40.852;15.380;12.390;2.990;54.171;49.240;4.931;115.719;82.788;32.931;. ;. ;. 
;;Particular;162.501;129.443;33.058;15.380;12.390;2.990;41.850;41.850;. ;105.271;75.203;30.068;. ;. ;. 
;;Comun/Confes;22.769;14.975;7.794;. ;. ;. ;12.321;7.390;4.931;10.448;7.585;2.863;. ;. ;. 
;;;;;;;;;;;;;;;;;
Rondônia;;;35.406;18.411;16.995;7.049;3.606;3.443;3.018;. ;3.018;25.127;14.805;10.322;212;. ;212
;Pública;;7.261;3.606;3.655;7.049;3.606;3.443;. ;. ;. ;. ;. ;. ;212;. ;212
;;Federal;7.261;3.606;3.655;7.049;3.606;3.443;. ;. ;. ;. ;. ;. ;212;. ;212
;;Estadual;. ;. ;. ;. ;. ;. ;. ;. ;. ;. ;. ;. ;. ;. ;. 
;;Municipal;. ;. ;. ;. ;. ;. ;. ;. ;. ;. ;. ;. ;. ;. ;. 
;Privada;;28.145;14.805;13.340;. ;. ;. ;3.018;. ;3.018;25.127;14.805;10.322;. ;. ;. 
;;Particular;24.120;13.798;10.322;. ;. ;. ;. ;. ;. ;24.120;13.798;10.322;. ;. ;. 
;;Comun/Confes;4.025;1.007;3.018;. ;. ;. ;3.018;. ;3.018;1.007;1.007;. ;. ;. ;. 
Acre;;;16.951;12.782;4.169;9.827;6.018;3.809;. ;. ;. ;7.124;6.764;360;. ;. ;. 
;Pública;;9.827;6.018;3.809;9.827;6.018;3.809;. ;. ;. ;. ;. ;. ;. ;. ;. 
;;Federal;9.827;6.018;3.809;9.827;6.018;3.809;. ;. ;. ;. ;. ;. ;. ;. ;. 
;;Estadual;. ;. ;. ;. ;. ;. ;. ;. ;. ;. ;. ;. ;. ;. ;. 
;;Municipal;. ;. ;. ;. ;. ;. ;. ;. ;. ;. ;. ;. ;. ;. ;. 
;Privada;;7.124;6.764;360;. ;. ;. ;. ;. ;. ;7.124;6.764;360;. ;. ;. 
;;Particular;6.315;5.955;360;. ;. ;. ;. ;. ;. ;6.315;5.955;360;. ;. ;. 
;;Comun/Confes;809;809;. ;. ;. ;. ;. ;. ;. ;809;809;. ;. ;. ;. 
Amazonas;;;103.517;87.480;16.037;45.307;29.270;16.037;40.091;40.091;. ;17.152;17.152;. ;967;967;. 
;Pública;;41.008;24.971;16.037;40.041;24.004;16.037;. ;. ;. ;. ;. ;. ;967;967;. 
;;Federal;22.326;17.185;5.141;21.359;16.218;5.141;. ;. ;. ;. ;. ;. ;967;967;. 
;;Estadual;18.682;7.786;10.896;18.682;7.786;10.896;. ;. ;. ;. ;. ;. ;. ;. ;. 
;;Municipal;. ;. ;. ;. ;. ;. ;. ;. ;. ;. ;. ;. ;. ;. ;. 
;Privada;;62.509;62.509;. ;5.266;5.266;. ;40.091;40.091;. ;17.152;17.152;. ;. ;. ;. 
;;Particular;56.516;56.516;. ;5.266;5.266;. ;37.398;37.398;. ;13.852;13.852;. ;. ;. ;. 
;;Comun/Confes;5.993;5.993;. ;. ;. ;. ;2.693;2.693;. ;3.300;3.300;. ;. ;. ;. 
Roraima;;;17.707;16.513;1.194;7.843;6.649;1.194;. ;. ;. ;8.967;8.967;. ;897;897;. 
;Pública;;8.740;7.546;1.194;7.843;6.649;1.194;. ;. ;. ;. ;. ;. ;897;897;. 
;;Federal;5.511;5.511;. ;4.614;4.614;. ;. ;. ;. ;. ;. ;. ;897;897;. 
;;Estadual;3.229;2.035;1.194;3.229;2.035;1.194;. ;. ;. ;. ;. ;. ;. ;. ;. 
;;Municipal;. ;. ;. ;. ;. ;. ;. ;. ;. ;. ;. ;. ;. ;. ;. 
;Privada;;8.967;8.967;. ;. ;. ;. ;. ;. ;. ;8.967;8.967;. ;. ;. ;. 
;;Particular;8.521;8.521;. ;. ;. ;. ;. ;. ;. ;8.521;8.521;. ;. ;. ;. 
;;Comun/Confes;446;446;. ;. ;. ;. ;. ;. ;. ;446;446;. ;. ;. ;. 
Pará;;;88.058;57.382;30.676;49.037;30.956;18.081;6.365;4.452;1.913;30.881;21.020;9.861;1.775;954;821
;Pública;;40.698;24.786;15.912;38.923;23.832;15.091;. ;. ;. ;. ;. ;. ;1.775;954;821
;;Federal;32.493;20.847;11.646;30.718;19.893;10.825;. ;. ;. ;. ;. ;. ;1.775;954;821
;;Estadual;8.205;3.939;4.266;8.205;3.939;4.266;. ;. ;. ;. ;. ;. ;. ;. ;. 
;;Municipal;. ;. ;. ;. ;. ;. ;. ;. ;. ;. ;. ;. ;. ;. ;. 
;Privada;;47.360;32.596;14.764;10.114;7.124;2.990;6.365;4.452;1.913;30.881;21.020;9.861;. ;. ;. 
;;Particular;45.096;32.490;12.606;10.114;7.124;2.990;4.452;4.452;. ;30.530;20.914;9.616;. ;. ;. 
;;Comun/Confes;2.264;106;2.158;. ;. ;. ;1.913;. ;1.913;351;106;245;. ;. ;. 
Amapá;;;18.363;15.899;2.464;6.249;5.662;587;. ;. ;. ;12.114;10.237;1.877;. ;. ;. 
;Pública;;6.249;5.662;587;6.249;5.662;587;. ;. ;. ;. ;. ;. ;. ;. ;. 
;;Federal;4.488;3.901;587;4.488;3.901;587;. ;. ;. ;. ;. ;. ;. ;. ;. 
;;Estadual;1.761;1.761;. ;1.761;1.761;. ;. ;. ;. ;. ;. ;. ;. ;. ;. 
;;Municipal;. ;. ;. ;. ;. ;. ;. ;. ;. ;. ;. ;. ;. ;. ;. 
;Privada;;12.114;10.237;1.877;. ;. ;. ;. ;. ;. ;12.114;10.237;1.877;. ;. ;. 
;;Particular;12.114;10.237;1.877;. ;. ;. ;. ;. ;. ;12.114;10.237;1.877;. ;. ;. 
;;Comun/Confes;. ;. ;. ;. ;. ;. ;. ;. ;. ;. ;. ;. ;. ;. ;. 
Tocantins;;;33.957;12.845;21.112;8.823;3.803;5.020;10.195;4.697;5.498;14.354;3.843;10.511;585;502;83
;Pública;;14.906;4.305;10.601;8.823;3.803;5.020;5.498;. ;5.498;. ;. ;. ;585;502;83
;;Federal;9.357;4.254;5.103;8.772;3.752;5.020;. ;. ;. ;. ;. ;. ;585;502;83
;;Estadual;51;51;. ;51;51;. ;. ;. ;. ;. ;. ;. ;. ;. ;. 
;;Municipal;5.498;. ;5.498;. ;. ;. ;5.498;. ;5.498;. ;. ;. ;. ;. ;. 
;Privada;;19.051;8.540;10.511;. ;. ;. ;4.697;4.697;. ;14.354;3.843;10.511;. ;. ;. 
;;Particular;9.819;1.926;7.893;. ;. ;. ;. ;. ;. ;9.819;1.926;7.893;. ;. ;. 
;;Comun/Confes;9.232;6.614;2.618;. ;. ;. ;4.697;4.697;. ;4.535;1.917;2.618;. ;. ;. 
;;;;;;;;;;;;;;;;;
Nordeste;;;965.502;605.231;360.271;478.668;293.455;185.213;48.116;48.116;. ;420.191;251.285;168.906;18.527;12.375;6.152
;Pública;;409.393;206.506;202.887;371.050;193.548;177.502;. ;. ;. ;19.816;583;19.233;18.527;12.375;6.152
;;Federal;239.561;170.322;69.239;221.034;157.947;63.087;. ;. ;. ;. ;. ;. ;18.527;12.375;6.152
;;Estadual;150.599;36.184;114.415;150.016;35.601;114.415;. ;. ;. ;583;583;. ;. ;. ;. 
;;Municipal;19.233;. ;19.233;. ;. ;. ;. ;. ;. ;19.233;. ;19.233;. ;. ;. 
;Privada;;556.109;398.725;157.384;107.618;99.907;7.711;48.116;48.116;. ;400.375;250.702;149.673;. ;. ;. 
;;Particular;504.801;356.909;147.892;83.171;75.460;7.711;40.236;40.236;. ;381.394;241.213;140.181;. ;. ;. 
;;Comun/Confes;51.308;41.816;9.492;24.447;24.447;. ;7.880;7.880;. ;18.981;9.489;9.492;. ;. ;. 
;;;;;;;;;;;;;;;;;
Maranhão;;;77.295;52.786;24.509;27.986;18.399;9.587;16.298;16.298;. ;31.807;16.956;14.851;1.204;1.133;71
;Pública;;29.190;19.532;9.658;27.986;18.399;9.587;. ;. ;. ;. ;. ;. ;1.204;1.133;71
;;Federal;17.432;15.043;2.389;16.228;13.910;2.318;. ;. ;. ;. ;. ;. ;1.204;1.133;71
;;Estadual;11.758;4.489;7.269;11.758;4.489;7.269;. ;. ;. ;. ;. ;. ;. ;. ;. 
;;Municipal;. ;. ;. ;. ;. ;. ;. ;. ;. ;. ;. ;. ;. ;. ;. 
;Privada;;48.105;33.254;14.851;. ;. ;. ;16.298;16.298;. ;31.807;16.956;14.851;. ;. ;. 
;;Particular;47.019;32.889;14.130;. ;. ;. ;16.298;16.298;. ;30.721;16.591;14.130;. ;. ;. 
;;Comun/Confes;1.086;365;721;. ;. ;. ;. ;. ;. ;1.086;365;721;. ;. ;. 
Piauí;;;79.479;54.534;24.945;41.311;23.229;18.082;. ;. ;. ;36.441;30.025;6.416;1.727;1.280;447
;Pública;;43.393;24.864;18.529;41.311;23.229;18.082;. ;. ;. ;355;355;. ;1.727;1.280;447
;;Federal;26.025;18.236;7.789;24.298;16.956;7.342;. ;. ;. ;. ;. ;. ;1.727;1.280;447
;;Estadual;17.368;6.628;10.740;17.013;6.273;10.740;. ;. ;. ;355;355;. ;. ;. ;. 
;;Municipal;. ;. ;. ;. ;. ;. ;. ;. ;. ;. ;. ;. ;. ;. ;. 
;Privada;;36.086;29.670;6.416;. ;. ;. ;. ;. ;. ;36.086;29.670;6.416;. ;. ;. 
;;Particular;36.086;29.670;6.416;. ;. ;. ;. ;. ;. ;36.086;29.670;6.416;. ;. ;. 
;;Comun/Confes;. ;. ;. ;. ;. ;. ;. ;. ;. ;. ;. ;. ;. ;. ;. 
Ceará;;;136.781;99.565;37.216;75.004;54.433;20.571;. ;. ;. ;56.207;42.314;13.893;5.570;2.818;2.752
;Pública;;56.679;33.356;23.323;51.109;30.538;20.571;. ;. ;. ;. ;. ;. ;5.570;2.818;2.752
;;Federal;26.706;22.188;4.518;21.136;19.370;1.766;. ;. ;. ;. ;. ;. ;5.570;2.818;2.752
;;Estadual;29.973;11.168;18.805;29.973;11.168;18.805;. ;. ;. ;. ;. ;. ;. ;. ;. 
;;Municipal;. ;. ;. ;. ;. ;. ;. ;. ;. ;. ;. ;. ;. ;. ;. 
;Privada;;80.102;66.209;13.893;23.895;23.895;. ;. ;. ;. ;56.207;42.314;13.893;. ;. ;. 
;;Particular;75.651;65.149;10.502;23.895;23.895;. ;. ;. ;. ;51.756;41.254;10.502;. ;. ;. 
;;Comun/Confes;4.451;1.060;3.391;. ;. ;. ;. ;. ;. ;4.451;1.060;3.391;. ;. ;. 
Rio Grande do Norte;;;83.091;58.423;24.668;64.501;42.565;21.936;. ;. ;. ;16.769;14.398;2.371;1.821;1.460;361
;Pública;;39.966;22.988;16.978;37.917;21.300;16.617;. ;. ;. ;228;228;. ;1.821;1.460;361
;;Federal;28.481;21.887;6.594;26.660;20.427;6.233;. ;. ;. ;. ;. ;. ;1.821;1.460;361
;;Estadual;11.485;1.101;10.384;11.257;873;10.384;. ;. ;. ;228;228;. ;. ;. ;. 
;;Municipal;. ;. ;. ;. ;. ;. ;. ;. ;. ;. ;. ;. ;. ;. ;. 
;Privada;;43.125;35.435;7.690;26.584;21.265;5.319;. ;. ;. ;16.541;14.170;2.371;. ;. ;. 
;;Particular;43.091;35.435;7.656;26.584;21.265;5.319;. ;. ;. ;16.507;14.170;2.337;. ;. ;. 
;;Comun/Confes;34;. ;34;. ;. ;. ;. ;. ;. ;34;. ;34;. ;. ;. 
Paraíba;;;77.829;41.555;36.274;41.746;18.730;23.016;7.880;7.880;. ;25.115;12.380;12.735;3.088;2.565;523
;Pública;;44.834;21.295;23.539;41.746;18.730;23.016;. ;. ;. ;. ;. ;. ;3.088;2.565;523
;;Federal;35.328;20.827;14.501;32.240;18.262;13.978;. ;. ;. ;. ;. ;. ;3.088;2.565;523
;;Estadual;9.506;468;9.038;9.506;468;9.038;. ;. ;. ;. ;. ;. ;. ;. ;. 
;;Municipal;. ;. ;. ;. ;. ;. ;. ;. ;. ;. ;. ;. ;. ;. ;. 
;Privada;;32.995;20.260;12.735;. ;. ;. ;7.880;7.880;. ;25.115;12.380;12.735;. ;. ;. 
;;Particular;25.115;12.380;12.735;. ;. ;. ;. ;. ;. ;25.115;12.380;12.735;. ;. ;. 
;;Comun/Confes;7.880;7.880;. ;. ;. ;. ;7.880;7.880;. ;. ;. ;. ;. ;. ;. 
Pernambuco;;;175.152;98.839;76.313;69.775;51.234;18.541;. ;. ;. ;103.711;46.747;56.964;1.666;858;808
;Pública;;76.102;37.520;38.582;55.203;36.662;18.541;. ;. ;. ;19.233;. ;19.233;1.666;858;808
;;Federal;39.219;31.090;8.129;37.553;30.232;7.321;. ;. ;. ;. ;. ;. ;1.666;858;808
;;Estadual;17.650;6.430;11.220;17.650;6.430;11.220;. ;. ;. ;. ;. ;. ;. ;. ;. 
;;Municipal;19.233;. ;19.233;. ;. ;. ;. ;. ;. ;19.233;. ;19.233;. ;. ;. 
;Privada;;99.050;61.319;37.731;14.572;14.572;. ;. ;. ;. ;84.478;46.747;37.731;. ;. ;. 
;;Particular;81.402;46.970;34.432;4.205;4.205;. ;. ;. ;. ;77.197;42.765;34.432;. ;. ;. 
;;Comun/Confes;17.648;14.349;3.299;10.367;10.367;. ;. ;. ;. ;7.281;3.982;3.299;. ;. ;. 
Alagoas;;;58.791;45.676;13.115;25.151;15.336;9.815;. ;. ;. ;32.316;29.709;2.607;1.324;631;693
;Pública;;26.475;15.967;10.508;25.151;15.336;9.815;. ;. ;. ;. ;. ;. ;1.324;631;693
;;Federal;18.161;14.498;3.663;16.837;13.867;2.970;. ;. ;. ;. ;. ;. ;1.324;631;693
;;Estadual;8.314;1.469;6.845;8.314;1.469;6.845;. ;. ;. ;. ;. ;. ;. ;. ;. 
;;Municipal;. ;. ;. ;. ;. ;. ;. ;. ;. ;. ;. ;. ;. ;. ;. 
;Privada;;32.316;29.709;2.607;. ;. ;. ;. ;. ;. ;32.316;29.709;2.607;. ;. ;. 
;;Particular;32.142;29.709;2.433;. ;. ;. ;. ;. ;. ;32.142;29.709;2.433;. ;. ;. 
;;Comun/Confes;174;. ;174;. ;. ;. ;. ;. ;. ;174;. ;174;. ;. ;. 
Sergipe;;;46.148;27.367;18.781;34.203;16.901;17.302;. ;. ;. ;11.253;9.877;1.376;692;589;103
;Pública;;17.296;1.915;15.381;16.604;1.326;15.278;. ;. ;. ;. ;. ;. ;692;589;103
;;Federal;17.296;1.915;15.381;16.604;1.326;15.278;. ;. ;. ;. ;. ;. ;692;589;103
;;Estadual;. ;. ;. ;. ;. ;. ;. ;. ;. ;. ;. ;. ;. ;. ;. 
;;Municipal;. ;. ;. ;. ;. ;. ;. ;. ;. ;. ;. ;. ;. ;. ;. 
;Privada;;28.852;25.452;3.400;17.599;15.575;2.024;. ;. ;. ;11.253;9.877;1.376;. ;. ;. 
;;Particular;28.852;25.452;3.400;17.599;15.575;2.024;. ;. ;. ;11.253;9.877;1.376;. ;. ;. 
;;Comun/Confes;. ;. ;. ;. ;. ;. ;. ;. ;. ;. ;. ;. ;. ;. ;. 
Bahia;;;230.936;126.486;104.450;98.991;52.628;46.363;23.938;23.938;. ;106.572;48.879;57.693;1.435;1.041;394
;Pública;;75.458;29.069;46.389;74.023;28.028;45.995;. ;. ;. ;. ;. ;. ;1.435;1.041;394
;;Federal;30.913;24.638;6.275;29.478;23.597;5.881;. ;. ;. ;. ;. ;. ;1.435;1.041;394
;;Estadual;44.545;4.431;40.114;44.545;4.431;40.114;. ;. ;. ;. ;. ;. ;. ;. ;. 
;;Municipal;. ;. ;. ;. ;. ;. ;. ;. ;. ;. ;. ;. ;. ;. ;. 
;Privada;;155.478;97.417;58.061;24.968;24.600;368;23.938;23.938;. ;106.572;48.879;57.693;. ;. ;. 
;;Particular;135.443;79.255;56.188;10.888;10.520;368;23.938;23.938;. ;100.617;44.797;55.820;. ;. ;. 
;;Comun/Confes;20.035;18.162;1.873;14.080;14.080;. ;. ;. ;. ;5.955;4.082;1.873;. ;. ;. 
;;;;;;;;;;;;;;;;;
Sudeste;;;2.516.712;1.082.127;1.434.585;1.364.618;678.412;686.206;448.335;200.550;247.785;681.171;190.759;490.412;22.588;12.406;10.182
;Pública;;441.800;170.238;271.562;359.798;147.293;212.505;3.865;869;2.996;55.549;9.670;45.879;22.588;12.406;10.182
;;Federal;226.772;96.746;130.026;202.763;83.511;119.252;. ;. ;. ;1.421;829;592;22.588;12.406;10.182
;;Estadual;173.282;73.492;99.790;142.385;63.782;78.603;869;869;. ;30.028;8.841;21.187;. ;. ;. 
;;Municipal;41.746;. ;41.746;14.650;. ;14.650;2.996;. ;2.996;24.100;. ;24.100;. ;. ;. 
;Privada;;2.074.912;911.889;1.163.023;1.004.820;531.119;473.701;444.470;199.681;244.789;625.622;181.089;444.533;. ;. ;. 
;;Particular;1.672.531;761.277;911.254;760.021;412.830;347.191;340.617;181.690;158.927;571.893;166.757;405.136;. ;. ;. 
;;Comun/Confes;402.381;150.612;251.769;244.799;118.289;126.510;103.853;17.991;85.862;53.729;14.332;39.397;. ;. ;. 
;;;;;;;;;;;;;;;;;
Minas Gerais;;;527.243;166.188;361.055;259.036;82.673;176.363;83.799;41.508;42.291;177.866;39.799;138.067;6.542;2.208;4.334
;Pública;;115.565;31.438;84.127;104.339;28.413;75.926;. ;. ;. ;4.684;817;3.867;6.542;2.208;4.334
;;Federal;98.782;27.748;71.034;92.240;25.540;66.700;. ;. ;. ;. ;. ;. ;6.542;2.208;4.334
;;Estadual;14.632;3.690;10.942;12.099;2.873;9.226;. ;. ;. ;2.533;817;1.716;. ;. ;. 
;;Municipal;2.151;. ;2.151;. ;. ;. ;. ;. ;. ;2.151;. ;2.151;. ;. ;. 
;Privada;;411.678;134.750;276.928;154.697;54.260;100.437;83.799;41.508;42.291;173.182;38.982;134.200;. ;. ;. 
;;Particular;279.279;81.600;197.679;75.532;7.323;68.209;56.706;37.424;19.282;147.041;36.853;110.188;. ;. ;. 
;;Comun/Confes;132.399;53.150;79.249;79.165;46.937;32.228;27.093;4.084;23.009;26.141;2.129;24.012;. ;. ;. 
Espírito Santo;;;91.389;41.287;50.102;18.153;15.836;2.317;15.382;. ;15.382;56.184;24.703;31.481;1.670;748;922
;Pública;;20.916;16.785;4.131;18.153;15.836;2.317;. ;. ;. ;1.093;201;892;1.670;748;922
;;Federal;19.823;16.584;3.239;18.153;15.836;2.317;. ;. ;. ;. ;. ;. ;1.670;748;922
;;Estadual;201;201;. ;. ;. ;. ;. ;. ;. ;201;201;. ;. ;. ;. 
;;Municipal;892;. ;892;. ;. ;. ;. ;. ;. ;892;. ;892;. ;. ;. 
;Privada;;70.473;24.502;45.971;. ;. ;. ;15.382;. ;15.382;55.091;24.502;30.589;. ;. ;. 
;;Particular;59.844;18.611;41.233;. ;. ;. ;12.341;. ;12.341;47.503;18.611;28.892;. ;. ;. 
;;Comun/Confes;10.629;5.891;4.738;. ;. ;. ;3.041;. ;3.041;7.588;5.891;1.697;. ;. ;. 
Rio de Janeiro;;;512.973;304.213;208.760;345.464;198.553;146.911;96.107;61.129;34.978;61.260;38.043;23.217;10.142;6.488;3.654
;Pública;;122.234;72.504;49.730;107.017;63.559;43.458;869;869;. ;4.206;1.588;2.618;10.142;6.488;3.654
;;Federal;87.603;47.788;39.815;76.632;40.471;36.161;. ;. ;. ;829;829;. ;10.142;6.488;3.654
;;Estadual;33.863;24.716;9.147;30.385;23.088;7.297;869;869;. ;2.609;759;1.850;. ;. ;. 
;;Municipal;768;. ;768;. ;. ;. ;. ;. ;. ;768;. ;768;. ;. ;. 
;Privada;;390.739;231.709;159.030;238.447;134.994;103.453;95.238;60.260;34.978;57.054;36.455;20.599;. ;. ;. 
;;Particular;345.796;204.128;141.668;203.854;110.875;92.979;90.747;58.199;32.548;51.195;35.054;16.141;. ;. ;. 
;;Comun/Confes;44.943;27.581;17.362;34.593;24.119;10.474;4.491;2.061;2.430;5.859;1.401;4.458;. ;. ;. 
São Paulo;;;1.385.107;570.439;814.668;741.965;381.350;360.615;253.047;97.913;155.134;385.861;88.214;297.647;4.234;2.962;1.272
;Pública;;183.085;49.511;133.574;130.289;39.485;90.804;2.996;. ;2.996;45.566;7.064;38.502;4.234;2.962;1.272
;;Federal;20.564;4.626;15.938;15.738;1.664;14.074;. ;. ;. ;592;. ;592;4.234;2.962;1.272
;;Estadual;124.586;44.885;79.701;99.901;37.821;62.080;. ;. ;. ;24.685;7.064;17.621;. ;. ;. 
;;Municipal;37.935;. ;37.935;14.650;. ;14.650;2.996;. ;2.996;20.289;. ;20.289;. ;. ;. 
;Privada;;1.202.022;520.928;681.094;611.676;341.865;269.811;250.051;97.913;152.138;340.295;81.150;259.145;. ;. ;. 
;;Particular;987.612;456.938;530.674;480.635;294.632;186.003;180.823;86.067;94.756;326.154;76.239;249.915;. ;. ;. 
;;Comun/Confes;214.410;63.990;150.420;131.041;47.233;83.808;69.228;11.846;57.382;14.141;4.911;9.230;. ;. ;. 
;;;;;;;;;;;;;;;;;
Sul;;;865.936;232.887;633.049;529.659;140.657;389.002;88.339;22.593;65.746;244.425;68.821;175.604;3.513;816;2.697
;Pública;;246.882;79.397;167.485;226.529;76.894;149.635;4.486;. ;4.486;12.354;1.687;10.667;3.513;816;2.697
;;Federal;120.644;73.348;47.296;117.131;72.532;44.599;. ;. ;. ;. ;. ;. ;3.513;816;2.697
;;Estadual;83.755;6.049;77.706;72.690;4.362;68.328;. ;. ;. ;11.065;1.687;9.378;. ;. ;. 
;;Municipal;42.483;. ;42.483;36.708;. ;36.708;4.486;. ;4.486;1.289;. ;1.289;. ;. ;. 
;Privada;;619.054;153.490;465.564;303.130;63.763;239.367;83.853;22.593;61.260;232.071;67.134;164.937;. ;. ;. 
;;Particular;282.112;91.557;190.555;46.935;17.509;29.426;30.448;11.540;18.908;204.729;62.508;142.221;. ;. ;. 
;;Comun/Confes;336.942;61.933;275.009;256.195;46.254;209.941;53.405;11.053;42.352;27.342;4.626;22.716;. ;. ;. 
;;;;;;;;;;;;;;;;;
Paraná;;;324.937;117.240;207.697;164.763;62.844;101.919;27.277;11.926;15.351;132.782;42.355;90.427;115;115;. 
;Pública;;109.592;28.295;81.297;95.733;26.493;69.240;1.390;. ;1.390;12.354;1.687;10.667;115;115;. 
;;Federal;35.494;26.608;8.886;35.379;26.493;8.886;. ;. ;. ;. ;. ;. ;115;115;. 
;;Estadual;71.419;1.687;69.732;60.354;. ;60.354;. ;. ;. ;11.065;1.687;9.378;. ;. ;. 
;;Municipal;2.679;. ;2.679;. ;. ;. ;1.390;. ;1.390;1.289;. ;1.289;. ;. ;. 
;Privada;;215.345;88.945;126.400;69.030;36.351;32.679;25.887;11.926;13.961;120.428;40.668;79.760;. ;. ;. 
;;Particular;177.291;62.100;115.191;43.494;17.509;25.985;20.580;7.714;12.866;113.217;36.877;76.340;. ;. ;. 
;;Comun/Confes;38.054;26.845;11.209;25.536;18.842;6.694;5.307;4.212;1.095;7.211;3.791;3.420;. ;. ;. 
Santa Catarina;;;198.724;33.522;165.202;133.203;26.509;106.694;14.539;40;14.499;49.755;6.272;43.483;1.227;701;526
;Pública;;71.493;24.700;46.793;67.170;23.999;43.171;3.096;. ;3.096;. ;. ;. ;1.227;701;526
;;Federal;21.377;20.543;834;20.150;19.842;308;. ;. ;. ;. ;. ;. ;1.227;701;526
;;Estadual;10.312;4.157;6.155;10.312;4.157;6.155;. ;. ;. ;. ;. ;. ;. ;. ;. 
;;Municipal;39.804;. ;39.804;36.708;. ;36.708;3.096;. ;3.096;. ;. ;. ;. ;. ;. 
;Privada;;127.231;8.822;118.409;66.033;2.510;63.523;11.443;40;11.403;49.755;6.272;43.483;. ;. ;. 
;;Particular;47.761;5.997;41.764;3.441;. ;3.441;3.733;. ;3.733;40.587;5.997;34.590;. ;. ;. 
;;Comun/Confes;79.470;2.825;76.645;62.592;2.510;60.082;7.710;40;7.670;9.168;275;8.893;. ;. ;. 
Rio Grande do Sul;;;342.275;82.125;260.150;231.693;51.304;180.389;46.523;10.627;35.896;61.888;20.194;41.694;2.171;. ;2.171
;Pública;;65.797;26.402;39.395;63.626;26.402;37.224;. ;. ;. ;. ;. ;. ;2.171;. ;2.171
;;Federal;63.773;26.197;37.576;61.602;26.197;35.405;. ;. ;. ;. ;. ;. ;2.171;. ;2.171
;;Estadual;2.024;205;1.819;2.024;205;1.819;. ;. ;. ;. ;. ;. ;. ;. ;. 
;;Municipal;. ;. ;. ;. ;. ;. ;. ;. ;. ;. ;. ;. ;. ;. ;. 
;Privada;;276.478;55.723;220.755;168.067;24.902;143.165;46.523;10.627;35.896;61.888;20.194;41.694;. ;. ;. 
;;Particular;57.060;23.460;33.600;. ;. ;. ;6.135;3.826;2.309;50.925;19.634;31.291;. ;. ;. 
;;Comun/Confes;219.418;32.263;187.155;168.067;24.902;143.165;40.388;6.801;33.587;10.963;560;10.403;. ;. ;. 
;;;;;;;;;;;;;;;;;
Centro-Oeste;;;453.787;291.459;162.328;208.640;142.904;65.736;66.869;46.129;20.740;172.609;99.310;73.299;5.669;3.116;2.553
;Pública;;124.404;53.116;71.288;114.464;49.444;65.020;. ;. ;. ;4.271;556;3.715;5.669;3.116;2.553
;;Federal;74.607;51.285;23.322;68.938;48.169;20.769;. ;. ;. ;. ;. ;. ;5.669;3.116;2.553
;;Estadual;40.581;1.831;38.750;40.025;1.275;38.750;. ;. ;. ;556;556;. ;. ;. ;. 
;;Municipal;9.216;. ;9.216;5.501;. ;5.501;. ;. ;. ;3.715;. ;3.715;. ;. ;. 
;Privada;;329.383;238.343;91.040;94.176;93.460;716;66.869;46.129;20.740;168.338;98.754;69.584;. ;. ;. 
;;Particular;277.818;195.416;82.402;52.493;51.907;586;62.277;46.129;16.148;163.048;97.380;65.668;. ;. ;. 
;;Comun/Confes;51.565;42.927;8.638;41.683;41.553;130;4.592;. ;4.592;5.290;1.374;3.916;. ;. ;. 
;;;;;;;;;;;;;;;;;
Mato Grosso do Sul;;;65.141;30.264;34.877;41.786;23.811;17.975;9.812;2.864;6.948;13.543;3.589;9.954;. ;. ;. 
;Pública;;23.375;6.071;17.304;23.375;6.071;17.304;. ;. ;. ;. ;. ;. ;. ;. ;. 
;;Federal;16.450;5.859;10.591;16.450;5.859;10.591;. ;. ;. ;. ;. ;. ;. ;. ;. 
;;Estadual;6.925;212;6.713;6.925;212;6.713;. ;. ;. ;. ;. ;. ;. ;. ;. 
;;Municipal;. ;. ;. ;. ;. ;. ;. ;. ;. ;. ;. ;. ;. ;. ;. 
;Privada;;41.766;24.193;17.573;18.411;17.740;671;9.812;2.864;6.948;13.543;3.589;9.954;. ;. ;. 
;;Particular;33.296;16.732;16.564;10.865;10.279;586;9.812;2.864;6.948;12.619;3.589;9.030;. ;. ;. 
;;Comun/Confes;8.470;7.461;1.009;7.546;7.461;85;. ;. ;. ;924;. ;924;. ;. ;. 
Mato Grosso;;;80.102;32.586;47.516;41.265;23.303;17.962;8.932;3.094;5.838;28.791;5.627;23.164;1.114;562;552
;Pública;;27.651;9.137;18.514;26.537;8.575;17.962;. ;. ;. ;. ;. ;. ;1.114;562;552
;;Federal;15.488;9.137;6.351;14.374;8.575;5.799;. ;. ;. ;. ;. ;. ;1.114;562;552
;;Estadual;12.163;. ;12.163;12.163;. ;12.163;. ;. ;. ;. ;. ;. ;. ;. ;. 
;;Municipal;. ;. ;. ;. ;. ;. ;. ;. ;. ;. ;. ;. ;. ;. ;. 
;Privada;;52.451;23.449;29.002;14.728;14.728;. ;8.932;3.094;5.838;28.791;5.627;23.164;. ;. ;. 
;;Particular;50.992;23.409;27.583;14.728;14.728;. ;8.932;3.094;5.838;27.332;5.587;21.745;. ;. ;. 
;;Comun/Confes;1.459;40;1.419;. ;. ;. ;. ;. ;. ;1.459;40;1.419;. ;. ;. 
Goiás;;;158.224;78.289;79.935;78.681;48.882;29.799;13.263;5.309;7.954;61.725;21.544;40.181;4.555;2.554;2.001
;Pública;;50.942;15.472;35.470;42.672;12.918;29.754;. ;. ;. ;3.715;. ;3.715;4.555;2.554;2.001
;;Federal;20.789;14.409;6.380;16.234;11.855;4.379;. ;. ;. ;. ;. ;. ;4.555;2.554;2.001
;;Estadual;20.937;1.063;19.874;20.937;1.063;19.874;. ;. ;. ;. ;. ;. ;. ;. ;. 
;;Municipal;9.216;. ;9.216;5.501;. ;5.501;. ;. ;. ;3.715;. ;3.715;. ;. ;. 
;Privada;;107.282;62.817;44.465;36.009;35.964;45;13.263;5.309;7.954;58.010;21.544;36.466;. ;. ;. 
;;Particular;80.944;42.689;38.255;16.004;16.004;. ;8.671;5.309;3.362;56.269;21.376;34.893;. ;. ;. 
;;Comun/Confes;26.338;20.128;6.210;20.005;19.960;45;4.592;. ;4.592;1.741;168;1.573;. ;. ;. 
Distrito Federal;;;150.320;150.320;. ;46.908;46.908;. ;34.862;34.862;. ;68.550;68.550;. ;. ;. ;. 
;Pública;;22.436;22.436;. ;21.880;21.880;. ;. ;. ;. ;556;556;. ;. ;. ;. 
;;Federal;21.880;21.880;. ;21.880;21.880;. ;. ;. ;. ;. ;. ;. ;. ;. ;. 
;;Estadual;556;556;. ;. ;. ;. ;. ;. ;. ;556;556;. ;. ;. ;. 
;;Municipal;. ;. ;. ;. ;. ;. ;. ;. ;. ;. ;. ;. ;. ;. ;. 
;Privada;;127.884;127.884;. ;25.028;25.028;. ;34.862;34.862;. ;67.994;67.994;. ;. ;. ;. 
;;Particular;112.586;112.586;. ;10.896;10.896;. ;34.862;34.862;. ;66.828;66.828;. ;. ;. ;. 
;;Comun/Confes;15.298;15.298;. ;14.132;14.132;. ;. ;. ;. ;1.166;1.166;. ;. ;. ;. 
;;;;;;;;;;;;;;;;;
Fonte: MEC/INEP/DEED;;;;;;;;;;;;;;;;;
IF/CEFET - Instituto Federal de Educação, Ciência e Tecnologia e Centro Federal de Educação Tecnológica;;;;;;;;;;;;;;;;;
;;;;;;;;;;;;;;;;;
;;;;;;;;;;;;;;;;;
;;;;;;;;;;;;;;;;;
;;;;;;;;;;;;;;;;;
;;;;;;;;;;;;;;;;;
;;;;;;;;;;;;;;;;;
;;;;;;;;;;;;;;;;;
;;;;;;;;;;;;;;;;;
;;;;;;;;;;;;;;;;;
;;;;;;;;;;;;;;;;;
;;;;;;;;;;;;;;;;;
;;;;;;;;;;;;;;;;;
;;;;;;;;;;;;;;;;;
;;;;;;;;;;;;;;;;;
;;;;;;;;;;;;;;;;;
;;;;;;;;;;;;;;;;;
;;;;;;;;;;;;;;;;;
;;;;;;;;;;;;;;;;;
;;;;;;;;;;;;;;;;;
;;;;;;;;;;;;;;;;;
;;;;;;;;;;;;;;;;;
;;;;;;;;;;;;;;;;;
;;;;;;;;;;;;;;;;;
;;;;;;;;;;;;;;;;;
;;;;;;;;;;;;;;;;;
;;;;;;;;;;;;;;;;;
;;;;;;;;;;;;;;;;;
;;;;;;;;;;;;;;;;;
;;;;;;;;;;;;;;;;;
;;;;;;;;;;;;;;;;;
;;;;;;;;;;;;;;;;;
;;;;;;;;;;;;;;;;;
;;;;;;;;;;;;;;;;;
;;;;;;;;;;;;;;;;;
;;;;;;;;;;;;;;;;;
;;;;;;;;;;;;;;;;;
;;;;;;;;;;;;;;;;;
;;;;;;;;;;;;;;;;;
;;;;;;;;;;;;;;;;;
;;;;;;;;;;;;;;;;;
;;;;;;;;;;;;;;;;;
;;;;;;;;;;;;;;;;;
;;;;;;;;;;;;;;;;;
;;;;;;;;;;;;;;;;;
;;;;;;;;;;;;;;;;;
;;;;;;;;;;;;;;;;;
;;;;;;;;;;;;;;;;;
;;;;;;;;;;;;;;;;;
;;;;;;;;;;;;;;;;;
